model_residue_index,amber_residue_index,inferred_chain_index,source_chain_id,source_residue_sequence_number,insertion_code,source_residue_name,model_residue_name,topology_residue_name,has_N,has_CA,has_C,has_O,atom_index_N,atom_index_CA,atom_index_C,atom_index_O,valid_for_model
0,0,0,,1,,PRO,PRO,PRO,True,True,True,True,0,12,14,15,True
1,1,0,,2,,TYR,TYR,TYR,True,True,True,True,16,18,35,36,True
2,2,0,,3,,THR,THR,THR,True,True,True,True,37,39,49,50,True
3,3,0,,4,,VAL,VAL,VAL,True,True,True,True,51,53,65,66,True
4,4,0,,5,,VAL,VAL,VAL,True,True,True,True,67,69,81,82,True
5,5,0,,6,,TYR,TYR,TYR,True,True,True,True,83,85,102,103,True
6,6,0,,7,,PHE,PHE,PHE,True,True,True,True,104,106,122,123,True
7,7,0,,8,,PRO,PRO,PRO,True,True,True,True,124,134,136,137,True
8,8,0,,9,,VAL,VAL,VAL,True,True,True,True,138,140,152,153,True
9,9,0,,10,,ARG,ARG,ARG,True,True,True,True,154,156,176,177,True
10,10,0,,11,,GLY,GLY,GLY,True,True,True,True,178,180,183,184,True
11,11,0,,12,,ARG,ARG,ARG,True,True,True,True,185,187,207,208,True
12,12,0,,13,,CYS,CYS,CYS,True,True,True,True,209,211,218,219,True
13,13,0,,14,,ALA,ALA,ALA,True,True,True,True,220,222,228,229,True
14,14,0,,15,,ALA,ALA,ALA,True,True,True,True,230,232,238,239,True
15,15,0,,16,,LEU,LEU,LEU,True,True,True,True,240,242,257,258,True
16,16,0,,17,,ARG,ARG,ARG,True,True,True,True,259,261,281,282,True
17,17,0,,18,,MET,MET,MET,True,True,True,True,283,285,298,299,True
18,18,0,,19,,LEU,LEU,LEU,True,True,True,True,300,302,317,318,True
19,19,0,,20,,LEU,LEU,LEU,True,True,True,True,319,321,336,337,True
20,20,0,,21,,ALA,ALA,ALA,True,True,True,True,338,340,346,347,True
21,21,0,,22,,ASP,ASP,ASP,True,True,True,True,348,350,358,359,True
22,22,0,,23,,GLN,GLN,GLN,True,True,True,True,360,362,375,376,True
23,23,0,,24,,GLY,GLY,GLY,True,True,True,True,377,379,382,383,True
24,24,0,,25,,GLN,GLN,GLN,True,True,True,True,384,386,399,400,True
25,25,0,,26,,SER,SER,SER,True,True,True,True,401,403,410,411,True
26,26,0,,27,,TRP,TRP,TRP,True,True,True,True,412,414,434,435,True
27,27,0,,28,,LYS,LYS,LYS,True,True,True,True,436,438,456,457,True
28,28,0,,29,,GLU,GLU,GLU,True,True,True,True,458,460,471,472,True
29,29,0,,30,,GLU,GLU,GLU,True,True,True,True,473,475,486,487,True
30,30,0,,31,,VAL,VAL,VAL,True,True,True,True,488,490,502,503,True
31,31,0,,32,,VAL,VAL,VAL,True,True,True,True,504,506,518,519,True
32,32,0,,33,,THR,THR,THR,True,True,True,True,520,522,532,533,True
33,33,0,,34,,VAL,VAL,VAL,True,True,True,True,534,536,548,549,True
34,34,0,,35,,GLU,GLU,GLU,True,True,True,True,550,552,563,564,True
35,35,0,,36,,THR,THR,THR,True,True,True,True,565,567,577,578,True
36,36,0,,37,,TRP,TRP,TRP,True,True,True,True,579,581,601,602,True
37,37,0,,38,,GLN,GLN,GLN,True,True,True,True,603,605,618,619,True
38,38,0,,39,,GLU,GLU,GLU,True,True,True,True,620,622,633,634,True
39,39,0,,40,,GLY,GLY,GLY,True,True,True,True,635,637,640,641,True
40,40,0,,41,,SER,SER,SER,True,True,True,True,642,644,651,652,True
41,41,0,,42,,LEU,LEU,LEU,True,True,True,True,653,655,670,671,True
42,42,0,,43,,LYS,LYS,LYS,True,True,True,True,672,674,692,693,True
43,43,0,,44,,ALA,ALA,ALA,True,True,True,True,694,696,702,703,True
44,44,0,,45,,SER,SER,SER,True,True,True,True,704,706,713,714,True
45,45,0,,46,,CYS,CYS,CYS,True,True,True,True,715,717,724,725,True
46,46,0,,47,,LEU,LEU,LEU,True,True,True,True,726,728,743,744,True
47,47,0,,48,,TYR,TYR,TYR,True,True,True,True,745,747,764,765,True
48,48,0,,49,,GLY,GLY,GLY,True,True,True,True,766,768,771,772,True
49,49,0,,50,,GLN,GLN,GLN,True,True,True,True,773,775,788,789,True
50,50,0,,51,,LEU,LEU,LEU,True,True,True,True,790,792,807,808,True
51,51,0,,52,,PRO,PRO,PRO,True,True,True,True,809,819,821,822,True
52,52,0,,53,,LYS,LYS,LYS,True,True,True,True,823,825,843,844,True
53,53,0,,54,,PHE,PHE,PHE,True,True,True,True,845,847,863,864,True
54,54,0,,55,,GLN,GLN,GLN,True,True,True,True,865,867,880,881,True
55,55,0,,56,,ASP,ASP,ASP,True,True,True,True,882,884,892,893,True
56,56,0,,57,,GLY,GLY,GLY,True,True,True,True,894,896,899,900,True
57,57,0,,58,,ASP,ASP,ASP,True,True,True,True,901,903,911,912,True
58,58,0,,59,,LEU,LEU,LEU,True,True,True,True,913,915,930,931,True
59,59,0,,60,,THR,THR,THR,True,True,True,True,932,934,944,945,True
60,60,0,,61,,LEU,LEU,LEU,True,True,True,True,946,948,963,964,True
61,61,0,,62,,TYR,TYR,TYR,True,True,True,True,965,967,984,985,True
62,62,0,,63,,GLN,GLN,GLN,True,True,True,True,986,988,1001,1002,True
63,63,0,,64,,SER,SER,SER,True,True,True,True,1003,1005,1012,1013,True
64,64,0,,65,,ASN,ASN,ASN,True,True,True,True,1014,1016,1026,1027,True
65,65,0,,66,,THR,THR,THR,True,True,True,True,1028,1030,1040,1041,True
66,66,0,,67,,ILE,ILE,ILE,True,True,True,True,1042,1044,1059,1060,True
67,67,0,,68,,LEU,LEU,LEU,True,True,True,True,1061,1063,1078,1079,True
68,68,0,,69,,ARG,ARG,ARG,True,True,True,True,1080,1082,1102,1103,True
69,69,0,,70,,HIE,HIS,HIS,True,True,True,True,1104,1106,1119,1120,True
70,70,0,,71,,LEU,LEU,LEU,True,True,True,True,1121,1123,1138,1139,True
71,71,0,,72,,GLY,GLY,GLY,True,True,True,True,1140,1142,1145,1146,True
72,72,0,,73,,ARG,ARG,ARG,True,True,True,True,1147,1149,1169,1170,True
73,73,0,,74,,THR,THR,THR,True,True,True,True,1171,1173,1183,1184,True
74,74,0,,75,,LEU,LEU,LEU,True,True,True,True,1185,1187,1202,1203,True
75,75,0,,76,,GLY,GLY,GLY,True,True,True,True,1204,1206,1209,1210,True
76,76,0,,77,,LEU,LEU,LEU,True,True,True,True,1211,1213,1228,1229,True
77,77,0,,78,,TYR,TYR,TYR,True,True,True,True,1230,1232,1249,1250,True
78,78,0,,79,,GLY,GLY,GLY,True,True,True,True,1251,1253,1256,1257,True
79,79,0,,80,,LYS,LYS,LYS,True,True,True,True,1258,1260,1278,1279,True
80,80,0,,81,,ASP,ASP,ASP,True,True,True,True,1280,1282,1290,1291,True
81,81,0,,82,,GLN,GLN,GLN,True,True,True,True,1292,1294,1307,1308,True
82,82,0,,83,,GLN,GLN,GLN,True,True,True,True,1309,1311,1324,1325,True
83,83,0,,84,,GLU,GLU,GLU,True,True,True,True,1326,1328,1339,1340,True
84,84,0,,85,,ALA,ALA,ALA,True,True,True,True,1341,1343,1349,1350,True
85,85,0,,86,,ALA,ALA,ALA,True,True,True,True,1351,1353,1359,1360,True
86,86,0,,87,,LEU,LEU,LEU,True,True,True,True,1361,1363,1378,1379,True
87,87,0,,88,,VAL,VAL,VAL,True,True,True,True,1380,1382,1394,1395,True
88,88,0,,89,,ASP,ASP,ASP,True,True,True,True,1396,1398,1406,1407,True
89,89,0,,90,,MET,MET,MET,True,True,True,True,1408,1410,1423,1424,True
90,90,0,,91,,VAL,VAL,VAL,True,True,True,True,1425,1427,1439,1440,True
91,91,0,,92,,ASN,ASN,ASN,True,True,True,True,1441,1443,1453,1454,True
92,92,0,,93,,ASP,ASP,ASP,True,True,True,True,1455,1457,1465,1466,True
93,93,0,,94,,GLY,GLY,GLY,True,True,True,True,1467,1469,1472,1473,True
94,94,0,,95,,VAL,VAL,VAL,True,True,True,True,1474,1476,1488,1489,True
95,95,0,,96,,GLU,GLU,GLU,True,True,True,True,1490,1492,1503,1504,True
96,96,0,,97,,ASP,ASP,ASP,True,True,True,True,1505,1507,1515,1516,True
97,97,0,,98,,LEU,LEU,LEU,True,True,True,True,1517,1519,1534,1535,True
98,98,0,,99,,ARG,ARG,ARG,True,True,True,True,1536,1538,1558,1559,True
99,99,0,,100,,CYS,CYS,CYS,True,True,True,True,1560,1562,1569,1570,True
100,100,0,,101,,LYS,LYS,LYS,True,True,True,True,1571,1573,1591,1592,True
101,101,0,,102,,TYR,TYR,TYR,True,True,True,True,1593,1595,1612,1613,True
102,102,0,,103,,ILE,ILE,ILE,True,True,True,True,1614,1616,1631,1632,True
103,103,0,,104,,SER,SER,SER,True,True,True,True,1633,1635,1642,1643,True
104,104,0,,105,,LEU,LEU,LEU,True,True,True,True,1644,1646,1661,1662,True
105,105,0,,106,,ILE,ILE,ILE,True,True,True,True,1663,1665,1680,1681,True
106,106,0,,107,,TYR,TYR,TYR,True,True,True,True,1682,1684,1701,1702,True
107,107,0,,108,,THR,THR,THR,True,True,True,True,1703,1705,1715,1716,True
108,108,0,,109,,ASN,ASN,ASN,True,True,True,True,1717,1719,1729,1730,True
109,109,0,,110,,TYR,TYR,TYR,True,True,True,True,1731,1733,1750,1751,True
110,110,0,,111,,GLU,GLU,GLU,True,True,True,True,1752,1754,1765,1766,True
111,111,0,,112,,ALA,ALA,ALA,True,True,True,True,1767,1769,1775,1776,True
112,112,0,,113,,GLY,GLY,GLY,True,True,True,True,1777,1779,1782,1783,True
113,113,0,,114,,LYS,LYS,LYS,True,True,True,True,1784,1786,1804,1805,True
114,114,0,,115,,ASP,ASP,ASP,True,True,True,True,1806,1808,1816,1817,True
115,115,0,,116,,ASP,ASP,ASP,True,True,True,True,1818,1820,1828,1829,True
116,116,0,,117,,TYR,TYR,TYR,True,True,True,True,1830,1832,1849,1850,True
117,117,0,,118,,VAL,VAL,VAL,True,True,True,True,1851,1853,1865,1866,True
118,118,0,,119,,LYS,LYS,LYS,True,True,True,True,1867,1869,1887,1888,True
119,119,0,,120,,ALA,ALA,ALA,True,True,True,True,1889,1891,1897,1898,True
120,120,0,,121,,LEU,LEU,LEU,True,True,True,True,1899,1901,1916,1917,True
121,121,0,,122,,PRO,PRO,PRO,True,True,True,True,1918,1928,1930,1931,True
122,122,0,,123,,GLY,GLY,GLY,True,True,True,True,1932,1934,1937,1938,True
123,123,0,,124,,GLN,GLN,GLN,True,True,True,True,1939,1941,1954,1955,True
124,124,0,,125,,LEU,LEU,LEU,True,True,True,True,1956,1958,1973,1974,True
125,125,0,,126,,LYS,LYS,LYS,True,True,True,True,1975,1977,1995,1996,True
126,126,0,,127,,PRO,PRO,PRO,True,True,True,True,1997,2007,2009,2010,True
127,127,0,,128,,PHE,PHE,PHE,True,True,True,True,2011,2013,2029,2030,True
128,128,0,,129,,GLU,GLU,GLU,True,True,True,True,2031,2033,2044,2045,True
129,129,0,,130,,THR,THR,THR,True,True,True,True,2046,2048,2058,2059,True
130,130,0,,131,,LEU,LEU,LEU,True,True,True,True,2060,2062,2077,2078,True
131,131,0,,132,,LEU,LEU,LEU,True,True,True,True,2079,2081,2096,2097,True
132,132,0,,133,,SER,SER,SER,True,True,True,True,2098,2100,2107,2108,True
133,133,0,,134,,GLN,GLN,GLN,True,True,True,True,2109,2111,2124,2125,True
134,134,0,,135,,ASN,ASN,ASN,True,True,True,True,2126,2128,2138,2139,True
135,135,0,,136,,GLN,GLN,GLN,True,True,True,True,2140,2142,2155,2156,True
136,136,0,,137,,GLY,GLY,GLY,True,True,True,True,2157,2159,2162,2163,True
137,137,0,,138,,GLY,GLY,GLY,True,True,True,True,2164,2166,2169,2170,True
138,138,0,,139,,LYS,LYS,LYS,True,True,True,True,2171,2173,2191,2192,True
139,139,0,,140,,THR,THR,THR,True,True,True,True,2193,2195,2205,2206,True
140,140,0,,141,,PHE,PHE,PHE,True,True,True,True,2207,2209,2225,2226,True
141,141,0,,142,,ILE,ILE,ILE,True,True,True,True,2227,2229,2244,2245,True
142,142,0,,143,,VAL,VAL,VAL,True,True,True,True,2246,2248,2260,2261,True
143,143,0,,144,,GLY,GLY,GLY,True,True,True,True,2262,2264,2267,2268,True
144,144,0,,145,,ASP,ASP,ASP,True,True,True,True,2269,2271,2279,2280,True
145,145,0,,146,,GLN,GLN,GLN,True,True,True,True,2281,2283,2296,2297,True
146,146,0,,147,,ILE,ILE,ILE,True,True,True,True,2298,2300,2315,2316,True
147,147,0,,148,,SER,SER,SER,True,True,True,True,2317,2319,2326,2327,True
148,148,0,,149,,PHE,PHE,PHE,True,True,True,True,2328,2330,2346,2347,True
149,149,0,,150,,ALA,ALA,ALA,True,True,True,True,2348,2350,2356,2357,True
150,150,0,,151,,ASP,ASP,ASP,True,True,True,True,2358,2360,2368,2369,True
151,151,0,,152,,TYR,TYR,TYR,True,True,True,True,2370,2372,2389,2390,True
152,152,0,,153,,ASN,ASN,ASN,True,True,True,True,2391,2393,2403,2404,True
153,153,0,,154,,LEU,LEU,LEU,True,True,True,True,2405,2407,2422,2423,True
154,154,0,,155,,LEU,LEU,LEU,True,True,True,True,2424,2426,2441,2442,True
155,155,0,,156,,ASP,ASP,ASP,True,True,True,True,2443,2445,2453,2454,True
156,156,0,,157,,LEU,LEU,LEU,True,True,True,True,2455,2457,2472,2473,True
157,157,0,,158,,LEU,LEU,LEU,True,True,True,True,2474,2476,2491,2492,True
158,158,0,,159,,LEU,LEU,LEU,True,True,True,True,2493,2495,2510,2511,True
159,159,0,,160,,ILE,ILE,ILE,True,True,True,True,2512,2514,2529,2530,True
160,160,0,,161,,HIE,HIS,HIS,True,True,True,True,2531,2533,2546,2547,True
161,161,0,,162,,GLU,GLU,GLU,True,True,True,True,2548,2550,2561,2562,True
162,162,0,,163,,VAL,VAL,VAL,True,True,True,True,2563,2565,2577,2578,True
163,163,0,,164,,LEU,LEU,LEU,True,True,True,True,2579,2581,2596,2597,True
164,164,0,,165,,ALA,ALA,ALA,True,True,True,True,2598,2600,2606,2607,True
165,165,0,,166,,PRO,PRO,PRO,True,True,True,True,2608,2618,2620,2621,True
166,166,0,,167,,GLY,GLY,GLY,True,True,True,True,2622,2624,2627,2628,True
167,167,0,,168,,CYS,CYS,CYS,True,True,True,True,2629,2631,2638,2639,True
168,168,0,,169,,LEU,LEU,LEU,True,True,True,True,2640,2642,2657,2658,True
169,169,0,,170,,ASP,ASP,ASP,True,True,True,True,2659,2661,2669,2670,True
170,170,0,,171,,ALA,ALA,ALA,True,True,True,True,2671,2673,2679,2680,True
171,171,0,,172,,PHE,PHE,PHE,True,True,True,True,2681,2683,2699,2700,True
172,172,0,,173,,PRO,PRO,PRO,True,True,True,True,2701,2711,2713,2714,True
173,173,0,,174,,LEU,LEU,LEU,True,True,True,True,2715,2717,2732,2733,True
174,174,0,,175,,LEU,LEU,LEU,True,True,True,True,2734,2736,2751,2752,True
175,175,0,,176,,SER,SER,SER,True,True,True,True,2753,2755,2762,2763,True
176,176,0,,177,,ALA,ALA,ALA,True,True,True,True,2764,2766,2772,2773,True
177,177,0,,178,,TYR,TYR,TYR,True,True,True,True,2774,2776,2793,2794,True
178,178,0,,179,,VAL,VAL,VAL,True,True,True,True,2795,2797,2809,2810,True
179,179,0,,180,,GLY,GLY,GLY,True,True,True,True,2811,2813,2816,2817,True
180,180,0,,181,,ARG,ARG,ARG,True,True,True,True,2818,2820,2840,2841,True
181,181,0,,182,,LEU,LEU,LEU,True,True,True,True,2842,2844,2859,2860,True
182,182,0,,183,,SER,SER,SER,True,True,True,True,2861,2863,2870,2871,True
183,183,0,,184,,ALA,ALA,ALA,True,True,True,True,2872,2874,2880,2881,True
184,184,0,,185,,ARG,ARG,ARG,True,True,True,True,2882,2884,2904,2905,True
185,185,0,,186,,PRO,PRO,PRO,True,True,True,True,2906,2916,2918,2919,True
186,186,0,,187,,LYS,LYS,LYS,True,True,True,True,2920,2922,2940,2941,True
187,187,0,,188,,LEU,LEU,LEU,True,True,True,True,2942,2944,2959,2960,True
188,188,0,,189,,LYS,LYS,LYS,True,True,True,True,2961,2963,2981,2982,True
189,189,0,,190,,ALA,ALA,ALA,True,True,True,True,2983,2985,2991,2992,True
190,190,0,,191,,PHE,PHE,PHE,True,True,True,True,2993,2995,3011,3012,True
191,191,0,,192,,LEU,LEU,LEU,True,True,True,True,3013,3015,3030,3031,True
192,192,0,,193,,ALA,ALA,ALA,True,True,True,True,3032,3034,3040,3041,True
193,193,0,,194,,SER,SER,SER,True,True,True,True,3042,3044,3051,3052,True
194,194,0,,195,,PRO,PRO,PRO,True,True,True,True,3053,3063,3065,3066,True
195,195,0,,196,,GLU,GLU,GLU,True,True,True,True,3067,3069,3080,3081,True
196,196,0,,197,,TYR,TYR,TYR,True,True,True,True,3082,3084,3101,3102,True
197,197,0,,198,,VAL,VAL,VAL,True,True,True,True,3103,3105,3117,3118,True
198,198,0,,199,,ASN,ASN,ASN,True,True,True,True,3119,3121,3131,3132,True
199,199,0,,200,,LEU,LEU,LEU,True,True,True,True,3133,3135,3150,3151,True
200,200,0,,201,,PRO,PRO,PRO,True,True,True,True,3152,3162,3164,3165,True
201,201,0,,202,,ILE,ILE,ILE,True,True,True,True,3166,3168,3183,3184,True
202,202,0,,203,,ASN,ASN,ASN,True,True,True,True,3185,3187,3197,3198,True
203,203,0,,204,,GLY,GLY,GLY,True,True,True,True,3199,3201,3204,3205,True
204,204,0,,205,,ASN,ASN,ASN,True,True,True,True,3206,3208,3218,3219,True
205,205,0,,206,,GLY,GLY,GLY,True,True,True,True,3220,3222,3225,3226,True
206,206,0,,207,,LYS,LYS,LYS,True,True,True,True,3227,3229,3247,3248,True
207,207,0,,208,,GLN,GLN,GLN,True,True,True,True,3249,3251,3264,3265,True
208,208,1,,209,,PRO,PRO,PRO,True,True,True,True,3267,3279,3281,3282,True
209,209,1,,210,,TYR,TYR,TYR,True,True,True,True,3283,3285,3302,3303,True
210,210,1,,211,,THR,THR,THR,True,True,True,True,3304,3306,3316,3317,True
211,211,1,,212,,VAL,VAL,VAL,True,True,True,True,3318,3320,3332,3333,True
212,212,1,,213,,VAL,VAL,VAL,True,True,True,True,3334,3336,3348,3349,True
213,213,1,,214,,TYR,TYR,TYR,True,True,True,True,3350,3352,3369,3370,True
214,214,1,,215,,PHE,PHE,PHE,True,True,True,True,3371,3373,3389,3390,True
215,215,1,,216,,PRO,PRO,PRO,True,True,True,True,3391,3401,3403,3404,True
216,216,1,,217,,VAL,VAL,VAL,True,True,True,True,3405,3407,3419,3420,True
217,217,1,,218,,ARG,ARG,ARG,True,True,True,True,3421,3423,3443,3444,True
218,218,1,,219,,GLY,GLY,GLY,True,True,True,True,3445,3447,3450,3451,True
219,219,1,,220,,ARG,ARG,ARG,True,True,True,True,3452,3454,3474,3475,True
220,220,1,,221,,CYS,CYS,CYS,True,True,True,True,3476,3478,3485,3486,True
221,221,1,,222,,ALA,ALA,ALA,True,True,True,True,3487,3489,3495,3496,True
222,222,1,,223,,ALA,ALA,ALA,True,True,True,True,3497,3499,3505,3506,True
223,223,1,,224,,LEU,LEU,LEU,True,True,True,True,3507,3509,3524,3525,True
224,224,1,,225,,ARG,ARG,ARG,True,True,True,True,3526,3528,3548,3549,True
225,225,1,,226,,MET,MET,MET,True,True,True,True,3550,3552,3565,3566,True
226,226,1,,227,,LEU,LEU,LEU,True,True,True,True,3567,3569,3584,3585,True
227,227,1,,228,,LEU,LEU,LEU,True,True,True,True,3586,3588,3603,3604,True
228,228,1,,229,,ALA,ALA,ALA,True,True,True,True,3605,3607,3613,3614,True
229,229,1,,230,,ASP,ASP,ASP,True,True,True,True,3615,3617,3625,3626,True
230,230,1,,231,,GLN,GLN,GLN,True,True,True,True,3627,3629,3642,3643,True
231,231,1,,232,,GLY,GLY,GLY,True,True,True,True,3644,3646,3649,3650,True
232,232,1,,233,,GLN,GLN,GLN,True,True,True,True,3651,3653,3666,3667,True
233,233,1,,234,,SER,SER,SER,True,True,True,True,3668,3670,3677,3678,True
234,234,1,,235,,TRP,TRP,TRP,True,True,True,True,3679,3681,3701,3702,True
235,235,1,,236,,LYS,LYS,LYS,True,True,True,True,3703,3705,3723,3724,True
236,236,1,,237,,GLU,GLU,GLU,True,True,True,True,3725,3727,3738,3739,True
237,237,1,,238,,GLU,GLU,GLU,True,True,True,True,3740,3742,3753,3754,True
238,238,1,,239,,VAL,VAL,VAL,True,True,True,True,3755,3757,3769,3770,True
239,239,1,,240,,VAL,VAL,VAL,True,True,True,True,3771,3773,3785,3786,True
240,240,1,,241,,THR,THR,THR,True,True,True,True,3787,3789,3799,3800,True
241,241,1,,242,,VAL,VAL,VAL,True,True,True,True,3801,3803,3815,3816,True
242,242,1,,243,,GLU,GLU,GLU,True,True,True,True,3817,3819,3830,3831,True
243,243,1,,244,,THR,THR,THR,True,True,True,True,3832,3834,3844,3845,True
244,244,1,,245,,TRP,TRP,TRP,True,True,True,True,3846,3848,3868,3869,True
245,245,1,,246,,GLN,GLN,GLN,True,True,True,True,3870,3872,3885,3886,True
246,246,1,,247,,GLU,GLU,GLU,True,True,True,True,3887,3889,3900,3901,True
247,247,1,,248,,GLY,GLY,GLY,True,True,True,True,3902,3904,3907,3908,True
248,248,1,,249,,SER,SER,SER,True,True,True,True,3909,3911,3918,3919,True
249,249,1,,250,,LEU,LEU,LEU,True,True,True,True,3920,3922,3937,3938,True
250,250,1,,251,,LYS,LYS,LYS,True,True,True,True,3939,3941,3959,3960,True
251,251,1,,252,,ALA,ALA,ALA,True,True,True,True,3961,3963,3969,3970,True
252,252,1,,253,,SER,SER,SER,True,True,True,True,3971,3973,3980,3981,True
253,253,1,,254,,CYS,CYS,CYS,True,True,True,True,3982,3984,3991,3992,True
254,254,1,,255,,LEU,LEU,LEU,True,True,True,True,3993,3995,4010,4011,True
255,255,1,,256,,TYR,TYR,TYR,True,True,True,True,4012,4014,4031,4032,True
256,256,1,,257,,GLY,GLY,GLY,True,True,True,True,4033,4035,4038,4039,True
257,257,1,,258,,GLN,GLN,GLN,True,True,True,True,4040,4042,4055,4056,True
258,258,1,,259,,LEU,LEU,LEU,True,True,True,True,4057,4059,4074,4075,True
259,259,1,,260,,PRO,PRO,PRO,True,True,True,True,4076,4086,4088,4089,True
260,260,1,,261,,LYS,LYS,LYS,True,True,True,True,4090,4092,4110,4111,True
261,261,1,,262,,PHE,PHE,PHE,True,True,True,True,4112,4114,4130,4131,True
262,262,1,,263,,GLN,GLN,GLN,True,True,True,True,4132,4134,4147,4148,True
263,263,1,,264,,ASP,ASP,ASP,True,True,True,True,4149,4151,4159,4160,True
264,264,1,,265,,GLY,GLY,GLY,True,True,True,True,4161,4163,4166,4167,True
265,265,1,,266,,ASP,ASP,ASP,True,True,True,True,4168,4170,4178,4179,True
266,266,1,,267,,LEU,LEU,LEU,True,True,True,True,4180,4182,4197,4198,True
267,267,1,,268,,THR,THR,THR,True,True,True,True,4199,4201,4211,4212,True
268,268,1,,269,,LEU,LEU,LEU,True,True,True,True,4213,4215,4230,4231,True
269,269,1,,270,,TYR,TYR,TYR,True,True,True,True,4232,4234,4251,4252,True
270,270,1,,271,,GLN,GLN,GLN,True,True,True,True,4253,4255,4268,4269,True
271,271,1,,272,,SER,SER,SER,True,True,True,True,4270,4272,4279,4280,True
272,272,1,,273,,ASN,ASN,ASN,True,True,True,True,4281,4283,4293,4294,True
273,273,1,,274,,THR,THR,THR,True,True,True,True,4295,4297,4307,4308,True
274,274,1,,275,,ILE,ILE,ILE,True,True,True,True,4309,4311,4326,4327,True
275,275,1,,276,,LEU,LEU,LEU,True,True,True,True,4328,4330,4345,4346,True
276,276,1,,277,,ARG,ARG,ARG,True,True,True,True,4347,4349,4369,4370,True
277,277,1,,278,,HIE,HIS,HIS,True,True,True,True,4371,4373,4386,4387,True
278,278,1,,279,,LEU,LEU,LEU,True,True,True,True,4388,4390,4405,4406,True
279,279,1,,280,,GLY,GLY,GLY,True,True,True,True,4407,4409,4412,4413,True
280,280,1,,281,,ARG,ARG,ARG,True,True,True,True,4414,4416,4436,4437,True
281,281,1,,282,,THR,THR,THR,True,True,True,True,4438,4440,4450,4451,True
282,282,1,,283,,LEU,LEU,LEU,True,True,True,True,4452,4454,4469,4470,True
283,283,1,,284,,GLY,GLY,GLY,True,True,True,True,4471,4473,4476,4477,True
284,284,1,,285,,LEU,LEU,LEU,True,True,True,True,4478,4480,4495,4496,True
285,285,1,,286,,TYR,TYR,TYR,True,True,True,True,4497,4499,4516,4517,True
286,286,1,,287,,GLY,GLY,GLY,True,True,True,True,4518,4520,4523,4524,True
287,287,1,,288,,LYS,LYS,LYS,True,True,True,True,4525,4527,4545,4546,True
288,288,1,,289,,ASP,ASP,ASP,True,True,True,True,4547,4549,4557,4558,True
289,289,1,,290,,GLN,GLN,GLN,True,True,True,True,4559,4561,4574,4575,True
290,290,1,,291,,GLN,GLN,GLN,True,True,True,True,4576,4578,4591,4592,True
291,291,1,,292,,GLU,GLU,GLU,True,True,True,True,4593,4595,4606,4607,True
292,292,1,,293,,ALA,ALA,ALA,True,True,True,True,4608,4610,4616,4617,True
293,293,1,,294,,ALA,ALA,ALA,True,True,True,True,4618,4620,4626,4627,True
294,294,1,,295,,LEU,LEU,LEU,True,True,True,True,4628,4630,4645,4646,True
295,295,1,,296,,VAL,VAL,VAL,True,True,True,True,4647,4649,4661,4662,True
296,296,1,,297,,ASP,ASP,ASP,True,True,True,True,4663,4665,4673,4674,True
297,297,1,,298,,MET,MET,MET,True,True,True,True,4675,4677,4690,4691,True
298,298,1,,299,,VAL,VAL,VAL,True,True,True,True,4692,4694,4706,4707,True
299,299,1,,300,,ASN,ASN,ASN,True,True,True,True,4708,4710,4720,4721,True
300,300,1,,301,,ASP,ASP,ASP,True,True,True,True,4722,4724,4732,4733,True
301,301,1,,302,,GLY,GLY,GLY,True,True,True,True,4734,4736,4739,4740,True
302,302,1,,303,,VAL,VAL,VAL,True,True,True,True,4741,4743,4755,4756,True
303,303,1,,304,,GLU,GLU,GLU,True,True,True,True,4757,4759,4770,4771,True
304,304,1,,305,,ASP,ASP,ASP,True,True,True,True,4772,4774,4782,4783,True
305,305,1,,306,,LEU,LEU,LEU,True,True,True,True,4784,4786,4801,4802,True
306,306,1,,307,,ARG,ARG,ARG,True,True,True,True,4803,4805,4825,4826,True
307,307,1,,308,,CYS,CYS,CYS,True,True,True,True,4827,4829,4836,4837,True
308,308,1,,309,,LYS,LYS,LYS,True,True,True,True,4838,4840,4858,4859,True
309,309,1,,310,,TYR,TYR,TYR,True,True,True,True,4860,4862,4879,4880,True
310,310,1,,311,,ILE,ILE,ILE,True,True,True,True,4881,4883,4898,4899,True
311,311,1,,312,,SER,SER,SER,True,True,True,True,4900,4902,4909,4910,True
312,312,1,,313,,LEU,LEU,LEU,True,True,True,True,4911,4913,4928,4929,True
313,313,1,,314,,ILE,ILE,ILE,True,True,True,True,4930,4932,4947,4948,True
314,314,1,,315,,TYR,TYR,TYR,True,True,True,True,4949,4951,4968,4969,True
315,315,1,,316,,THR,THR,THR,True,True,True,True,4970,4972,4982,4983,True
316,316,1,,317,,ASN,ASN,ASN,True,True,True,True,4984,4986,4996,4997,True
317,317,1,,318,,TYR,TYR,TYR,True,True,True,True,4998,5000,5017,5018,True
318,318,1,,319,,GLU,GLU,GLU,True,True,True,True,5019,5021,5032,5033,True
319,319,1,,320,,ALA,ALA,ALA,True,True,True,True,5034,5036,5042,5043,True
320,320,1,,321,,GLY,GLY,GLY,True,True,True,True,5044,5046,5049,5050,True
321,321,1,,322,,LYS,LYS,LYS,True,True,True,True,5051,5053,5071,5072,True
322,322,1,,323,,ASP,ASP,ASP,True,True,True,True,5073,5075,5083,5084,True
323,323,1,,324,,ASP,ASP,ASP,True,True,True,True,5085,5087,5095,5096,True
324,324,1,,325,,TYR,TYR,TYR,True,True,True,True,5097,5099,5116,5117,True
325,325,1,,326,,VAL,VAL,VAL,True,True,True,True,5118,5120,5132,5133,True
326,326,1,,327,,LYS,LYS,LYS,True,True,True,True,5134,5136,5154,5155,True
327,327,1,,328,,ALA,ALA,ALA,True,True,True,True,5156,5158,5164,5165,True
328,328,1,,329,,LEU,LEU,LEU,True,True,True,True,5166,5168,5183,5184,True
329,329,1,,330,,PRO,PRO,PRO,True,True,True,True,5185,5195,5197,5198,True
330,330,1,,331,,GLY,GLY,GLY,True,True,True,True,5199,5201,5204,5205,True
331,331,1,,332,,GLN,GLN,GLN,True,True,True,True,5206,5208,5221,5222,True
332,332,1,,333,,LEU,LEU,LEU,True,True,True,True,5223,5225,5240,5241,True
333,333,1,,334,,LYS,LYS,LYS,True,True,True,True,5242,5244,5262,5263,True
334,334,1,,335,,PRO,PRO,PRO,True,True,True,True,5264,5274,5276,5277,True
335,335,1,,336,,PHE,PHE,PHE,True,True,True,True,5278,5280,5296,5297,True
336,336,1,,337,,GLU,GLU,GLU,True,True,True,True,5298,5300,5311,5312,True
337,337,1,,338,,THR,THR,THR,True,True,True,True,5313,5315,5325,5326,True
338,338,1,,339,,LEU,LEU,LEU,True,True,True,True,5327,5329,5344,5345,True
339,339,1,,340,,LEU,LEU,LEU,True,True,True,True,5346,5348,5363,5364,True
340,340,1,,341,,SER,SER,SER,True,True,True,True,5365,5367,5374,5375,True
341,341,1,,342,,GLN,GLN,GLN,True,True,True,True,5376,5378,5391,5392,True
342,342,1,,343,,ASN,ASN,ASN,True,True,True,True,5393,5395,5405,5406,True
343,343,1,,344,,GLN,GLN,GLN,True,True,True,True,5407,5409,5422,5423,True
344,344,1,,345,,GLY,GLY,GLY,True,True,True,True,5424,5426,5429,5430,True
345,345,1,,346,,GLY,GLY,GLY,True,True,True,True,5431,5433,5436,5437,True
346,346,1,,347,,LYS,LYS,LYS,True,True,True,True,5438,5440,5458,5459,True
347,347,1,,348,,THR,THR,THR,True,True,True,True,5460,5462,5472,5473,True
348,348,1,,349,,PHE,PHE,PHE,True,True,True,True,5474,5476,5492,5493,True
349,349,1,,350,,ILE,ILE,ILE,True,True,True,True,5494,5496,5511,5512,True
350,350,1,,351,,VAL,VAL,VAL,True,True,True,True,5513,5515,5527,5528,True
351,351,1,,352,,GLY,GLY,GLY,True,True,True,True,5529,5531,5534,5535,True
352,352,1,,353,,ASP,ASP,ASP,True,True,True,True,5536,5538,5546,5547,True
353,353,1,,354,,GLN,GLN,GLN,True,True,True,True,5548,5550,5563,5564,True
354,354,1,,355,,ILE,ILE,ILE,True,True,True,True,5565,5567,5582,5583,True
355,355,1,,356,,SER,SER,SER,True,True,True,True,5584,5586,5593,5594,True
356,356,1,,357,,PHE,PHE,PHE,True,True,True,True,5595,5597,5613,5614,True
357,357,1,,358,,ALA,ALA,ALA,True,True,True,True,5615,5617,5623,5624,True
358,358,1,,359,,ASP,ASP,ASP,True,True,True,True,5625,5627,5635,5636,True
359,359,1,,360,,TYR,TYR,TYR,True,True,True,True,5637,5639,5656,5657,True
360,360,1,,361,,ASN,ASN,ASN,True,True,True,True,5658,5660,5670,5671,True
361,361,1,,362,,LEU,LEU,LEU,True,True,True,True,5672,5674,5689,5690,True
362,362,1,,363,,LEU,LEU,LEU,True,True,True,True,5691,5693,5708,5709,True
363,363,1,,364,,ASP,ASP,ASP,True,True,True,True,5710,5712,5720,5721,True
364,364,1,,365,,LEU,LEU,LEU,True,True,True,True,5722,5724,5739,5740,True
365,365,1,,366,,LEU,LEU,LEU,True,True,True,True,5741,5743,5758,5759,True
366,366,1,,367,,LEU,LEU,LEU,True,True,True,True,5760,5762,5777,5778,True
367,367,1,,368,,ILE,ILE,ILE,True,True,True,True,5779,5781,5796,5797,True
368,368,1,,369,,HIE,HIS,HIS,True,True,True,True,5798,5800,5813,5814,True
369,369,1,,370,,GLU,GLU,GLU,True,True,True,True,5815,5817,5828,5829,True
370,370,1,,371,,VAL,VAL,VAL,True,True,True,True,5830,5832,5844,5845,True
371,371,1,,372,,LEU,LEU,LEU,True,True,True,True,5846,5848,5863,5864,True
372,372,1,,373,,ALA,ALA,ALA,True,True,True,True,5865,5867,5873,5874,True
373,373,1,,374,,PRO,PRO,PRO,True,True,True,True,5875,5885,5887,5888,True
374,374,1,,375,,GLY,GLY,GLY,True,True,True,True,5889,5891,5894,5895,True
375,375,1,,376,,CYS,CYS,CYS,True,True,True,True,5896,5898,5905,5906,True
376,376,1,,377,,LEU,LEU,LEU,True,True,True,True,5907,5909,5924,5925,True
377,377,1,,378,,ASP,ASP,ASP,True,True,True,True,5926,5928,5936,5937,True
378,378,1,,379,,ALA,ALA,ALA,True,True,True,True,5938,5940,5946,5947,True
379,379,1,,380,,PHE,PHE,PHE,True,True,True,True,5948,5950,5966,5967,True
380,380,1,,381,,PRO,PRO,PRO,True,True,True,True,5968,5978,5980,5981,True
381,381,1,,382,,LEU,LEU,LEU,True,True,True,True,5982,5984,5999,6000,True
382,382,1,,383,,LEU,LEU,LEU,True,True,True,True,6001,6003,6018,6019,True
383,383,1,,384,,SER,SER,SER,True,True,True,True,6020,6022,6029,6030,True
384,384,1,,385,,ALA,ALA,ALA,True,True,True,True,6031,6033,6039,6040,True
385,385,1,,386,,TYR,TYR,TYR,True,True,True,True,6041,6043,6060,6061,True
386,386,1,,387,,VAL,VAL,VAL,True,True,True,True,6062,6064,6076,6077,True
387,387,1,,388,,GLY,GLY,GLY,True,True,True,True,6078,6080,6083,6084,True
388,388,1,,389,,ARG,ARG,ARG,True,True,True,True,6085,6087,6107,6108,True
389,389,1,,390,,LEU,LEU,LEU,True,True,True,True,6109,6111,6126,6127,True
390,390,1,,391,,SER,SER,SER,True,True,True,True,6128,6130,6137,6138,True
391,391,1,,392,,ALA,ALA,ALA,True,True,True,True,6139,6141,6147,6148,True
392,392,1,,393,,ARG,ARG,ARG,True,True,True,True,6149,6151,6171,6172,True
393,393,1,,394,,PRO,PRO,PRO,True,True,True,True,6173,6183,6185,6186,True
394,394,1,,395,,LYS,LYS,LYS,True,True,True,True,6187,6189,6207,6208,True
395,395,1,,396,,LEU,LEU,LEU,True,True,True,True,6209,6211,6226,6227,True
396,396,1,,397,,LYS,LYS,LYS,True,True,True,True,6228,6230,6248,6249,True
397,397,1,,398,,ALA,ALA,ALA,True,True,True,True,6250,6252,6258,6259,True
398,398,1,,399,,PHE,PHE,PHE,True,True,True,True,6260,6262,6278,6279,True
399,399,1,,400,,LEU,LEU,LEU,True,True,True,True,6280,6282,6297,6298,True
400,400,1,,401,,ALA,ALA,ALA,True,True,True,True,6299,6301,6307,6308,True
401,401,1,,402,,SER,SER,SER,True,True,True,True,6309,6311,6318,6319,True
402,402,1,,403,,PRO,PRO,PRO,True,True,True,True,6320,6330,6332,6333,True
403,403,1,,404,,GLU,GLU,GLU,True,True,True,True,6334,6336,6347,6348,True
404,404,1,,405,,TYR,TYR,TYR,True,True,True,True,6349,6351,6368,6369,True
405,405,1,,406,,VAL,VAL,VAL,True,True,True,True,6370,6372,6384,6385,True
406,406,1,,407,,ASN,ASN,ASN,True,True,True,True,6386,6388,6398,6399,True
407,407,1,,408,,LEU,LEU,LEU,True,True,True,True,6400,6402,6417,6418,True
408,408,1,,409,,PRO,PRO,PRO,True,True,True,True,6419,6429,6431,6432,True
409,409,1,,410,,ILE,ILE,ILE,True,True,True,True,6433,6435,6450,6451,True
410,410,1,,411,,ASN,ASN,ASN,True,True,True,True,6452,6454,6464,6465,True
411,411,1,,412,,GLY,GLY,GLY,True,True,True,True,6466,6468,6471,6472,True
412,412,1,,413,,ASN,ASN,ASN,True,True,True,True,6473,6475,6485,6486,True
413,413,1,,414,,GLY,GLY,GLY,True,True,True,True,6487,6489,6492,6493,True
414,414,1,,415,,LYS,LYS,LYS,True,True,True,True,6494,6496,6514,6515,True
415,415,1,,416,,GLN,GLN,GLN,True,True,True,True,6516,6518,6531,6532,True
